experiment,fire_rate,ci_lo,ci_hi
R1,0.02,0.007804300176394188,0.050287865505193874
