signal,power,ci_lo,ci_hi
0.0,0.02,0.007804300176394188,0.050287865505193874
0.1,0.03,0.013820125830748327,0.06389511973247333
0.15,0.065,0.03837598764975976,0.10802003749917945
0.2,0.13,0.09028141365225628,0.18366463072730121
0.25,0.235,0.18157345326946356,0.29841492986724655
0.3,0.59,0.5207633107255152,0.655844408209187
0.4,0.98,0.9497121344948062,0.9921956998236058
0.5,1.0,0.9811539940816791,1.0
0.6,1.0,0.9811539940816791,1.0
0.7,1.0,0.9811539940816791,1.0
