competence,fp_rate,ci_lo,ci_hi
0.5,0.03,0.013820125830748327,0.06389511973247333
0.6,0.04,0.02040538715065641,0.07693293829419882
0.7,0.025,0.010724561470787711,0.05717914415161715
0.8,0.025,0.010724561470787711,0.05717914415161715
0.9,0.01,0.0027466006037749346,0.03572248519617954
0.95,0.0,0.0,0.018846005918320894
0.98,0.02,0.007804300176394188,0.050287865505193874
