seed,condition,method,value,fired
0,M1,CMI,0.004975124378109453,1
0,M1,Pearson,0.004975124378109453,1
0,M1,PartialCorr,7.963012722330378e-07,1
0,M1,ResidualDCor,0.004975124378109453,1
0,M2,CMI,0.004975124378109453,1
0,M2,Pearson,0.004975124378109453,1
0,M2,PartialCorr,4.424199194123186e-18,1
0,M2,ResidualDCor,0.004975124378109453,1
0,M3,CMI,0.014925373134328358,1
0,M3,Pearson,0.004975124378109453,1
0,M3,PartialCorr,2.4656387615539887e-10,1
0,M3,ResidualDCor,0.004975124378109453,1
1,M1,CMI,0.10945273631840796,0
1,M1,Pearson,0.004975124378109453,1
1,M1,PartialCorr,0.003739075182020178,1
1,M1,ResidualDCor,0.004975124378109453,1
1,M2,CMI,0.004975124378109453,1
1,M2,Pearson,0.004975124378109453,1
1,M2,PartialCorr,5.463907088171625e-18,1
1,M2,ResidualDCor,0.004975124378109453,1
1,M3,CMI,0.17412935323383086,0
1,M3,Pearson,0.004975124378109453,1
1,M3,PartialCorr,0.008376561952246345,1
1,M3,ResidualDCor,0.01990049751243781,1
2,M1,CMI,0.26865671641791045,0
2,M1,Pearson,0.004975124378109453,1
2,M1,PartialCorr,0.01568757766211079,1
2,M1,ResidualDCor,0.009950248756218905,1
2,M2,CMI,0.004975124378109453,1
2,M2,Pearson,0.004975124378109453,1
2,M2,PartialCorr,1.3001085962445522e-10,1
2,M2,ResidualDCor,0.004975124378109453,1
2,M3,CMI,0.5970149253731343,0
2,M3,Pearson,0.004975124378109453,1
2,M3,PartialCorr,0.00016657771346329775,1
2,M3,ResidualDCor,0.004975124378109453,1
